{
  "model_version": "2026-01-05_231836",
  "average_precision_pr_auc": 0.037409916116186354,
  "classification_report_at_threshold_0_5": {
    "0": {
      "precision": 0.997730530339226,
      "recall": 0.69823622837081,
      "f1-score": 0.8215392180968774,
      "support": 11963.0
    },
    "1": {
      "precision": 0.004961411245865491,
      "recall": 0.4864864864864865,
      "f1-score": 0.009822646657571623,
      "support": 37.0
    },
    "accuracy": 0.6975833333333333,
    "macro avg": {
      "precision": 0.5013459707925457,
      "recall": 0.5923613574286483,
      "f1-score": 0.4156809323772245,
      "support": 12000.0
    },
    "weighted avg": {
      "precision": 0.9946694922220214,
      "recall": 0.6975833333333333,
      "f1-score": 0.8190364253349394,
      "support": 12000.0
    }
  },
  "label_rate": 0.0030833333333333333
}